{
  "run_utc": "20250925T010334Z",
  "target": "119584412",
  "label": "SAP+flatten",
  "period": 4.97446045188394,
  "sde": 4.9504278791412695,
  "snr": 3.618312997433482,
  "n_transits": 153,
  "depth_frac": 0.9994973996427481,
  "depth_ppm": 999497.3996427481,
  "duration_d": 0.0056072707559401,
  "t0": 1904.2406674388753
}