{
  "run_utc": "20250925T010334Z",
  "target": "119584412",
  "label": "PDCSAP",
  "period": 5.149944880035743,
  "sde": 3.866641087303198,
  "snr": 4.496647217554053,
  "n_transits": 148,
  "depth_frac": 0.9994615603597133,
  "depth_ppm": 999461.5603597134,
  "duration_d": 0.02566309716790023,
  "t0": 1903.6898273085944
}