{
  "period_d": 16.06385044148855,
  "T0_btjd": 1420.303176325631,
  "duration_hr": 1.084099234097931,
  "depth_ppm": 999290.065309186,
  "SDE": 4.253686636288982
}