{
  "P1_refined": {
    "period_d": 13.916516815123474,
    "T0_btjd": 1325.4549331609321,
    "duration_hr": 3.999520528056709,
    "depth_ppm": 944909.5114420699,
    "SDE": 10.057023808300741,
    "points_per_transit": [
      5,
      0
    ]
  },
  "P2_refined": {
    "period_d": 13.916516815123474,
    "T0_btjd": 1325.4549331609321,
    "duration_hr": 3.999520528056709,
    "depth_ppm": 944909.5114420699,
    "SDE": 10.057023808300741,
    "points_per_transit": [
      5,
      0
    ]
  }
}