epoch,tmid_btjd,tmid_err_d
0,1900.07749439,1.97209466e-01
47,2648.59208047,8.94148692e-01
