epoch,tmid_btjd,tmid_err_d
0,1908.93754162,3.35843278e-01
1,1924.82236339,6.05035567e-02
46,2643.25497622,1.38653372e-01
47,2659.26256338,5.01753407e-02
