{
  "T0": 1908.0463395488282,
  "P": 16.027498467944238,
  "cov": [
    [
      8.142866813309383e-05,
      -1.7900790602394038e-06
    ],
    [
      -1.7900790602394038e-06,
      7.114119273321424e-08
    ]
  ],
  "sigma_T0": 0.009023783471088712,
  "sigma_P": 0.0002667230637444281,
  "cov_T0P": -1.7900790602394038e-06,
  "N_mids": 3,
  "chi2": 0.9999802644598872,
  "rchi2": 0.9999802644598872,
  "jitter_days": 0.00201416015625
}