tic,toi,label,period_days,power
119584412,TOI 1801.01,S49,5.371769268028455,0.023208371969113285
119584412,TOI 1801.01,S49,5.351808634772461,0.02306790028459523
119584412,TOI 1801.01,S49,5.4347662844253755,0.02281534517688285
