{
  "mean_P": 23.801360420920048,
  "mean_T0": 1550.261093171567,
  "cov": [
    [
      3554495.109658317,
      -77273.09653171895
    ],
    [
      -77273.09653171895,
      1679.8818018597383
    ]
  ]
}