epoch,tmid_BTJD,tmid_err_d
0,1908.0576713222138,0.014345154210403619
1,1924.0668102538045,0.011101947448893985
46,2645.31134981631,0.007951467580664645
