tic,toi,label,period_days,power
119584412,TOI 1801.01,stitched,16.012585430905148,0.026509501403382832
119584412,TOI 1801.01,stitched,16.75520920153359,0.0263728949346661
119584412,TOI 1801.01,stitched,16.375645940990164,0.02608763596686093
119584412,TOI 1801.01,stitched,16.026305261052208,0.026573448975326087
119584412,TOI 1801.01,stitched,15.02620524104821,0.026482235789126177
119584412,TOI 1801.01,stitched,15.679735947189437,0.02608200329112356
