{
  "depth": 9.779069934845452e-05,
  "depth_ppm": 97.79069934845452,
  "duration_days": 0.27199999999999996,
  "duration_hours": 6.527999999999999,
  "baseline": 1.0000151506664978,
  "P": 16.02749976133826,
  "T0": 1908.0462830394736,
  "source": "refined"
}