tic,toi,label,period_days,SDE,T0_BTJD
119584412,TOI 1801.01,S22,13.260535829602423,9.337756886070341,1910.100759857017
