{
  "T0": 1908.0462830394736,
  "P": 16.02749976133826,
  "cov": [
    [
      8.118957753426212e-05,
      -1.7842407958072036e-06
    ],
    [
      -1.7842407958072032e-06,
      6.982374323598142e-08
    ]
  ],
  "sigma_T0": 0.009010525929947825,
  "sigma_P": 0.0002642418271886217,
  "cov_T0P": -1.7842407958072036e-06,
  "N_mids": 3,
  "chi2": 1.0247790189280408,
  "rchi2": 1.0247790189280408
}