epoch,tmid_BTJD,tmid_err_d
1,1405.8110503805606,0.016637356958188843
80,2470.35756503231,0.007344878653936003
135,3211.555567460723,0.004565569247298392
136,3225.0000730100414,0.006119041386054476
