tic,toi,label,period_days,power
37749396,Target B,stitched,13.471594318863772,0.014835053534519341
37749396,Target B,stitched,15.679735947189437,0.013576350250855601
37749396,Target B,stitched,10.689137827565514,0.01325169252395023
37749396,Target B,stitched,13.471594318863772,0.012908382326190824
37749396,Target B,stitched,15.659931986397279,0.011850522466668902
37749396,Target B,stitched,36.384776955391075,0.011354711491768034
37749396,Target B,stitched,15.659931986397279,0.011850522466668902
37749396,Target B,stitched,36.384776955391075,0.011354711491768034
