tic,toi,label,period_days,SDE,T0_BTJD
37749396,Target B,S70,6.456068132619217,9.62125476034627,3214.3163428147595
37749396,Target B,S70,6.456068132619217,9.62125476034627,3214.3163428147595
37749396,Target B,S70,6.456068132619217,9.62125476034627,3214.3163428147595
