tic,toi,label,period_days,power
37749396,Target B,S42,16.557223630404184,0.005144202308230985
37749396,Target B,S42,7.017343708811111,0.004338244109707576
37749396,Target B,S42,14.031598941734474,0.004326280940262852
37749396,Target B,S42,8.582190682128283,0.004582119704094157
37749396,Target B,S42,8.262040946293716,0.00441210574722501
37749396,Target B,S42,7.015365153772354,0.004377322100802887
