{
  "mean_P": 9.348315569371504,
  "mean_T0": 2149.6358178400674,
  "cov": [
    [
      0.0007619705748466395,
      7.914634570145636e-06
    ],
    [
      7.914634570145636e-06,
      3.1694740961050045e-06
    ]
  ]
}