tic,toi,label,period_days,power
37749396,Target B,S3,6.7349158690837685,0.00659536650396904
37749396,Target B,S3,6.56093473150683,0.006504067521938019
37749396,Target B,S3,18.24962666830852,0.006489248821027141
37749396,Target B,S3,6.736404411251696,0.005435327136958631
37749396,Target B,S3,9.140361120451237,0.0050441578200727125
37749396,Target B,S3,9.63174740827394,0.004815834773092519
