{
  "T0": 1392.324800333227,
  "P": 13.475632979703116,
  "cov": [
    [
      0.0005886940394980391,
      -4.781097991488898e-06
    ],
    [
      -4.781097991488898e-06,
      4.9475127034649665e-08
    ]
  ],
  "sigma_T0": 0.024263017938789874,
  "sigma_P": 0.00022243004975643391,
  "cov_T0P": -4.781097991488898e-06,
  "N_mids": 4,
  "chi2": 1.9999287647663593,
  "rchi2": 0.9999643823831796,
  "jitter_days": 0.020650863647460938
}