{
  "mean_P": 20.156154934002235,
  "mean_T0": 1423.3676401758078,
  "cov": [
    [
      150183.55968110857,
      -10972.344468296507
    ],
    [
      -10972.344468296507,
      9680.295791503335
    ]
  ]
}