{
  "T0": 2149.63274672264,
  "P": 9.34853857857934,
  "cov": [
    [
      5.309996209359198e-06,
      5.5263284503357655e-08
    ],
    [
      5.526328450335762e-08,
      1.5703884262346852e-08
    ]
  ],
  "sigma_T0": 0.0023043429018614393,
  "sigma_P": 0.00012531513979702075,
  "cov_T0P": 5.5263284503357655e-08,
  "N_mids": 5,
  "chi2": 3.0001329859380994,
  "rchi2": 1.0000443286460332,
  "jitter_days": 0.003292560577392578
}