{
  "depth": 0.0007746256219050007,
  "depth_ppm": 774.6256219050007,
  "duration_days": 0.2385,
  "duration_hours": 5.724,
  "baseline": 1.0000679068488247,
  "P": 9.348490772612324,
  "T0": 2149.6334543370012,
  "source": "refined"
}