{
  "T0": 1392.3060059576471,
  "P": 13.475823810255767,
  "cov": [
    [
      0.0018774523330793674,
      -1.4640428795810947e-05
    ],
    [
      -1.4640428795810947e-05,
      1.222607149115095e-07
    ]
  ],
  "sigma_T0": 0.04332957803947977,
  "sigma_P": 0.0003496579970650028,
  "cov_T0P": -1.4640428795810947e-05,
  "N_mids": 4,
  "chi2": 24.071469491410888,
  "rchi2": 12.035734745705444
}