tic,toi,label,period_days,SDE,T0_BTJD
37749396,Target B,stitched,13.47572483744333,6.633950076915307,1392.3124715993526
37749396,Target B,stitched,15.832201675677444,3.7234435224969378,1398.907624580969
37749396,Target B,stitched,10.78088348967046,3.3341045091886223,1392.2617456700123
37749396,Target B,stitched,13.47572483744333,10.626366607744428,1392.3119642479967
37749396,Target B,stitched,15.520105422220391,5.529851569330111,1390.2598806769015
37749396,Target B,stitched,36.38453975414434,3.119224915749563,1392.3094982936884
37749396,Target B,stitched,15.520138256147733,5.931036569540457,1390.2543005952377
37749396,Target B,stitched,36.426902305346516,4.063068548511737,1390.1904688370232
