tic,toi,label,period_days,power
37749396,Target B,S3,6.7349158690837685,0.00659536650396904
37749396,Target B,S3,6.56093473150683,0.006504067521938019
37749396,Target B,S3,18.24962666830852,0.006489248821027141
