tic,toi,label,period_days,SDE,T0_BTJD
311183180,TOI 550.02,S5,9.34844169328203,7.802085365388964,2149.6330674304177
