{
  "T0": 2149.6334543370012,
  "P": 9.348490772612324,
  "cov": [
    [
      2.804058703155235e-06,
      -3.596665228047561e-08
    ],
    [
      -3.596665228047561e-08,
      6.630925958664259e-08
    ]
  ],
  "sigma_T0": 0.0016745323834298444,
  "sigma_P": 0.00025750584379124797,
  "cov_T0P": -3.596665228047561e-08,
  "N_mids": 5,
  "chi2": 14.772640732681321,
  "rchi2": 4.92421357756044
}