tic,toi,label,period_days,SDE,T0_BTJD
37749396,Target B,S70,6.456068132619217,9.62125476034627,3214.3163428147595
37749396,Target B,S70,6.456068132619217,9.62125476034627,3214.3163428147595
37749396,Target B,S70,6.456068132619217,9.62125476034627,3214.3163428147595
37749396,Target B,S70,3.369263524831493,7.756124050064439,3211.5478358191453
37749396,Target B,S70,3.369263524831493,7.756124050064439,3211.5478358191453
37749396,Target B,S70,3.369263524831493,7.756124050064439,3211.5478358191453
