{
  "depth": 0.0007098352909218342,
  "depth_ppm": 709.8352909218341,
  "duration_days": 0.1843333333333333,
  "duration_hours": 4.4239999999999995,
  "baseline": 1.0001463945725322,
  "P": 13.47582381025578,
  "T0": 1392.3060059576458,
  "source": "robust"
}