{
  "period_d": 16.050763114554016,
  "period_err_d": 0.0003980857803505932,
  "T0_btjd": 1340.1120872779716,
  "T0_err_d": 0.02138291573442817,
  "n_events_used": 10
}