{
  "n0_center": -10.0,
  "weighted_LS": {
    "P_d": 36.666641407218755,
    "P_err_d": 0.0032886953475136905,
    "T0_btjd": 1663.8006688971718,
    "T0_err_d": 0.04582973825922613
  },
  "bootstrap": {
    "N": 2000,
    "P_d_median": 36.66793026243768,
    "P_d_lo_hi": [
      36.66371435349049,
      36.67596876957649
    ],
    "T0_btjd_median": 1663.8160106003043,
    "T0_btjd_lo_hi": [
      1663.7633634050947,
      1663.8733534299374
    ]
  }
}