{
  "bls_best_period_d": 16.05134189031505,
  "bls_T0_btjd": 1340.0871616816696,
  "bls_duration_hr": 1.0999999999999999,
  "bls_depth_ppm": 2220.5636427393165,
  "bls_power": 0.044081159152659276,
  "tls_period_d_used": 16.051489,
  "tls_T0_btjd_used": 1340.334516
}