{
  "period_d": 36.666641407218705,
  "period_err_d": 0.00023677236708379232,
  "T0_btjd": 2030.4670829693594,
  "T0_err_d": 0.002287428539512503,
  "n_midtimes": 9,
  "seed_period_d": 36.67345218181812,
  "seed_T0_btjd": 2030.587233381818
}