{
  "later_sectors": [
    27,
    28,
    30,
    31,
    33,
    34,
    35,
    36,
    37,
    38
  ],
  "bls_best_period_d": 16.05134189031505,
  "bls_T0_btjd": 2046.3374052183885,
  "bls_duration_hr": 1.0499999999999998,
  "bls_depth_ppm": 2365.541133356909,
  "bls_power": 0.10773916570981822,
  "working_period_d": 16.05148860249633,
  "working_T0_btjd": 1340.0805633424125
}