{
  "period_d": 16.05148860249633,
  "T0_btjd": 1340.0805633424125,
  "SDE": 12.544889490210783,
  "duration_hr": 0.9175757878485388,
  "depth_ppm": 998342.2336169527
}